<?xml version="1.0" encoding="UTF-8" ?>
<!DOCTYPE html>
<html b:version='2' class='v2' expr:dir='data:blog.languageDirection' xmlns='http://www.w3.org/1999/xhtml' xmlns:b='http://www.google.com/2005/gml/b' xmlns:data='http://www.google.com/2005/gml/data' xmlns:expr='http://www.google.com/2005/gml/expr'>
<head>
<!--[if lt IE 9]>
<script src="http://html5shiv.googlecode.com/svn/trunk/html5.js"> </script>
<![endif]-->
<meta content='IE=edge,chrome=1' http-equiv='X-UA-Compatible'/> 
<b:include data='blog' name='all-head-content'/>
<meta content='XXXXXX' name='Author'/>
<!-- Title Blogger -->
<b:if cond='data:blog.pageType in {&quot;index&quot;} and data:blog.homepageUrl == data:blog.url'><title><data:blog.pageTitle/></title><b:else/>
<b:if cond='data:blog.pageType in {&quot;item&quot;,&quot;static_page&quot;}'><title><data:blog.pageName/> - <data:blog.title/></title><b:else/>
<b:if cond='data:blog.pageType in {&quot;index&quot;} and data:blog.pageName == &quot;&quot;'><title>All Posts - <data:blog.title/></title><b:else/>
<b:if cond='data:blog.pageType in {&quot;error_page&quot;}'><title>Page Not Found - <data:blog.title/></title><b:else/><title><data:blog.pageName/></title></b:if></b:if></b:if></b:if>
<!-- Meta Keyword Auto -->
<b:if cond='data:blog.pageType in {&quot;index&quot;} and data:blog.homepageUrl == data:blog.url'><meta expr:content='data:blog.title' name='keywords'/></b:if>    
<b:if cond='data:blog.pageType in {&quot;item&quot;,&quot;static_page&quot;}'><meta expr:content='data:blog.pageName' name='keywords'/></b:if>
<!-- Noindex -->
<b:if cond='data:blog.pageType in {&quot;archive&quot;} or data:blog.searchLabel or data:blog.searchQuery'><meta content='noindex,nofollow' name='robots'/></b:if>
<!-- Facebook Open Graph Tag -->
<b:if cond='data:blog.pageType == &quot;item&quot;'>
<meta expr:content='data:blog.pageName' property='og:title'/>
<meta content='article' property='og:type'/>
<b:else/>
<meta expr:content='data:blog.pageTitle' property='og:title'/>
<meta content='website' property='og:type'/>
</b:if>
<b:if cond='data:blog.postImageUrl'>
<meta expr:content='data:blog.postImageUrl' property='og:image'/>
<b:else/>
<b:if cond='data:blog.postImageThumbnailUrl'>
<meta expr:content='data:blog.postThumbnailUrl' property='og:image'/>
<b:else/>
<meta content='http://1.bp.blogspot.com/-7vDs5hMaDho/U268E2ecF4I/AAAAAAAADY8/RBHVTTuJrxc/s1600/no-image.png' property='og:image'/>
</b:if>
</b:if>
<b:if cond='data:blog.metaDescription'>
<meta expr:content='data:blog.metaDescription' property='og:description'/>
<b:else/>
<meta expr:content='&quot;Please visit &quot; + data:blog.pageTitle + &quot; for watch and download anime.&quot;' property='og:description'/>
</b:if>
<meta expr:content='data:blog.title' property='og:site_name'/>
<meta content='en_US' property='og:locale'/>
<meta content='en_GB' property='og:locale:alternate'/>
<meta content='id_ID' property='og:locale:alternate'/>
<meta content='summary' name='twitter:card'/>
<meta expr:content='data:blog.pageTitle' name='twitter:title'/>
<meta content='XXXXXX' name='twitter:site'/>
<meta content='XXXXXX' name='twitter:creator'/>
<link crossorigin='anonymous' href='https://maxcdn.bootstrapcdn.com/bootstrap/3.3.6/css/bootstrap.min.css' integrity='sha384-1q8mTJOASx8j1Au+a5WDVnPi2lkFfwwEAa8hDDdjZlpLegxhjVME1fgjWPGmkzs7' rel='stylesheet'/>
&lt;style type=&quot;text/css&quot;&gt;
&lt;!-- /*<b:skin><![CDATA[
/*--
Bootstrap Blogger Template Style
Theme Name			: Sakura Anime Blogger Template
Theme Designer		: Frozen
Theme Url			: http://cmonfrozen.blogspot.com
Thanks to			:
- Normalize (https://necolas.github.io/normalize.css/)
- Bootstrap (https://getbootstrap.com/)
- DTE (http://dte.web.id)
- Bootstrap (http://getbootstrap.com/)
- Google Font (http://www.google.com/fonts/specimen/Roboto)
- Blog Kang Ismet (http://blog.kangismet.net/2013/05/memasang-widget-contact-form-blogger-pada-halaman-statis.html)
- Arlina (http://www.arlinadzgn.com/)
--*/

/* CSS LAYOUT */
body#layout ul{display:none;}
body#layout select{display:none;}
body#layout #main-wrapper {overflow: hidden;float: left;width: 500px;margin-left: 10px;}
body#layout #sidebar-wrapper{float:right;width:270px;}
body#layout #search{display:none;}
body#layout #carousel-generic{display:none;}
body#layout .ticker-wrap{display:none;}
body#layout .main-title{display:none;}
body#layout .footer_widget{width:32.5%;float:left;}

/* CSS COLOR */
#head-wrapper, #footer-wrapper, #ContactForm1_contact-form-submit:hover,.sidebar .widget > h2,.sidebar .widget > h3,.main-title,#nav-wrapper,.pagination>.active>a,.pagination>.active>a:focus,.pagination>.active>a:hover,.pagination>.active>span,.pagination>.active>span:focus,.pagination>.active>span:hover,.main .widget>h2{
background:#222
}

.pagination>.active>a, .pagination>.active>a:focus, .pagination>.active>a:hover, .pagination>.active>span, .pagination>.active>span:focus, .pagination>.active>span:hover{border-color:#222;}

#ticker ul li h3 a:hover, h2.entry-title a:hover,#footer-wrapper a:hover,.wfeet-posts>.post:hover .wfeet_title,.popular-posts .item-title a:hover{
color:#DC7489!important;
}

h2.entry-title a{
color:#428BCA;
}

#nav-wrapper, #footer-wrapper, h3.dl-title,.sidebar .widget > h2, .sidebar .widget > h3, .main-title,.main .widget>h2{
border-color:#DC7489!important;
}

#nav-wrapper li a:hover,#nav-wrapper li a:focus,#nav-wrapper li .active,.post-read:hover,.search_submit{
background:#DC7489;
}

.search_submit:hover {
background: #C56075;
}

/* CSS Bundle */
ul{list-style:none;}
a:focus{color:#2288bb;outline:thin dotted;}
a:link,a:visited{outline:none;color:#1155C5;text-decoration:none;}
a:active,a:hover{color:#1978A8;text-decoration:none;outline:none;}
::-webkit-scrollbar{width:10px;height:7px;background:#EEE;}
::-webkit-scrollbar-thumb{background:#999;}
.widget ul,.section,.widget{padding:0;margin:0;}
h1,h2,h3,h4,h5,h6{font-family: 'Roboto Condensed', sans-serif;font-weight:400;}
#clear,.clear{clear:both;display:block;}
#navbar-iframe,.post-feeds,.feed-links,.quickedit,.status-msg-wrap{display:none;}
#ContactForm1_contact-form-submit{color:#333;background-color:#fff;display:inline-block;padding:6px 12px;margin-bottom:0;font-size:14px;font-weight:400;line-height:1.8;text-align:center;white-space:nowrap;vertical-align:middle;-ms-touch-action:manipulation;touch-action:manipulation;cursor:pointer;-webkit-user-select:none;-moz-user-select:none;-ms-user-select:none;user-select:none;background-image:none;border:1px solid #ccc;border-radius:4px;width:100%}
#ContactForm1_contact-form-submit:hover{color:#fff}
form[name=contact-form] > div:last-child{color:#8a6d3b;background-color:#fcf8e3;border-color:#faebcc;padding:10px;border:1px solid #faebcc;border-radius:4px;max-width:inherit!important;margin:15px 0;display:block}
.ContactForm{display:none;}
/* CSS Widget */
.popular-posts ul{list-style:none;padding:0}
.popular-posts .item-thumbnail img{height:inherit;width:inherit;-webkit-transition:all 1s ease-in-out;transition:all 1s ease-in-out}
.popular-posts .item-thumbnail img:hover{-webkit-transform:scale(1.10);-ms-transform:scale(1.10);transform:scale(1.10);-webkit-transition:all 1s ease-in-out;transition:all 1s ease-in-out;opacity:.9;filter:alpha(opacity=90)}
.popular-posts .item-content{position:relative;overflow:hidden}
.popular-posts .item-thumbnail{overflow:hidden}
.popular-posts .item-title{font-size:15px;padding:0 10px;display:block;clear:both;position:absolute;margin-top:-35px;left:0;background:rgba(51,51,51,0.8);border-top:1px solid #222;width:100%;line-height:34px;font-weight:700;font-family:'Roboto Condensed',sans-serif;white-space:nowrap;overflow:hidden;text-overflow:ellipsis;color:#fff}
.popular-posts .item-title a{color:#fff}
.popular-posts li .item-snippet{padding-top:10px;font-size:13px}
.popular-posts li{margin-bottom:20px;padding:0}
.Label .widget-content ul{padding:0}
.Label .widget-content a{color:#222}
.Label .list-label-widget-content a:before{content:"\e118";font-family:'Glyphicons Halflings';padding-right:15px;font-size:11px}
.hierarchy ul{list-style:none;padding:0;margin-left:15px}
.profile-name-link.g-profile{background:no-repeat;padding-left:20px}
.profile-img{margin:5px;float:left}
.main .widget>h2{margin:0 0 15px;color:#FFF;font-size:15px;padding:0 15px;line-height:3;border-bottom:4px solid;font-weight:700;text-transform:uppercase}
.sidebar .widget > h2,.sidebar .widget > h3,.main-title{margin:0;color:#FFF;font-size:15px;padding:0 15px;line-height:3;border-bottom:4px solid;font-weight:700;text-transform:uppercase}
.sidebar .widget > h2 i,.sidebar .widget > h3 i,.main-title i,.main .widget>h2 i{font-size:12px;margin-right:10px}
.sidebar .widget{margin-bottom:25px}
.sidebar .widget-content{padding:15px;background:#FDFDFD;border:1px solid #EAEAEA;border-top:0}
.footer .widget-content{background:transparent;border:0;padding:15px 0 0}
.footer .widget>h2{border:0;line-height:25px;padding:0 0 10px;border-bottom:3px solid}
.label-size{white-space:nowrap;background:#DC7489;display:inline-block;margin-bottom:5px;line-height:2;padding:0 10px}
.label-size:hover{background:#333}
.list-label-widget-content li{border-bottom:1px solid #ddd;padding:5px 0}
.footer .list-label-widget-content li{border-color:#2D2D2D}
.list-label-widget-content li>span{float:right}
.main-title{display:block;margin:15px 0 0!important;text-transform:uppercase}
/* BODY */
body{background:#EEE;margin:0;color:#212121;font-family:Roboto,Arial,sans-serif;font-size:14px;overflow-x:hidden;line-height:1.8;text-rendering:optimizeLegibility;-webkit-font-smoothing:antialiased;-moz-osx-font-smoothing:grayscale}
.fl{float:left}
.fr{float:right}
.fh{display:none;visibility:hidden}
.fj{padding:0 20px;position:absolute;width:80%;top:0;right:0;left:0;bottom:0;margin:auto;height:40px}
.fx:after,.sidebar .widget:after,.widget ul:after{content:"";display:block;clear:both}
/* HEADER */
#header-wrapper{margin:0 auto;position:relative;overflow:hidden}
#header-inner{text-align:center;padding:0 0;line-height:2}
#header-inner img{margin:0 auto;width:100%;height:auto}
.header h1.title,.header h2.title{color:#333;text-transform:uppercase;font-size:25px;margin:0}
.header .description{margin:0}
.header h1.title a,.header h2.title a{color:#333}
.header h1.title a:hover,.header h2.title a:hover{color:#333}
/* CONTENT */
#head-wrapper{padding:10px 0;line-height:35px}
#outer-wrapper{background:#FFF;position:relative;margin:25px auto;border:1px solid #ddd}
#content-wrapper{margin:20px auto}
/* NAV_WRAPPER */
#nav-wrapper{margin:0 auto;position:relative;font-family:'Roboto Condensed',sans-serif;border-bottom:4px solid}
#nav-wrapper ul{margin:0 30px;padding:0;float:none;position:relative}
#nav-wrapper li a{color:#FFF;font-weight:700;line-height:2;letter-spacing:.3px;padding:10px 20px;text-transform:uppercase;border-right:1px solid #111;border-left:1px solid #333}
#nav-wrapper li i{padding-right:10px}
.navbar-nav>li:last-child{border-right:1px solid #333}
.navbar-nav>li:first-child{border-left:1px solid #111}

/* SEARCH */
.genrebox{-webkit-appearance:none;border-color:#151515;background:#1B1B1B;outline:0;color:#fff;padding:0 10px;text-transform:uppercase;font-weight:700}
.fgenre{position:relative}
.fgenre>i{position:absolute;top:13px;right:10px;color:#fff;font-size:12px}
#search{position:relative;width:100%;max-width:250px}
.searchy:hover,.searchy:focus{color:#fff}
.searchy{color:#154C7D;line-height:4;background:#2F72AD;float:right!important;padding:0 20px;font-size:14px;cursor:pointer;position:absolute!important;right:0}
.search_input{background:#1b1b1b;border:1px solid #151515;color:#fff;padding:0 12px;letter-spacing:.2px;border-radius:0;width:100%;outline:0;font-size:13px}
.search_submit{position:absolute;border:0;color:#fff;right:0;top:1px;padding:0 15px;outline:0}

/* PAGER */
#blog-pager{display:block}
#pager-prev{float:left}
#pager-next{float:right}
.pagination .pages{float:right;color:#999}
.pagination>li{display:inline-block}
/* FOOTER */
#footer-wrapper a{color:#FFF}
#footer-wrapper{border-top:4px solid;color:#FFF}
#footer_widget{padding:30px 0}
#footer-wrapper .credit{background:#323232;padding:20px 0;line-height:2}
#footer-wrapper .credit>p{padding:0;margin:0 auto}

/* COMMENTS */
.comment-form{max-width:100%}
.comment-form iframe{width:100%}
iframe{border:none;overflow:hidden}
#comments{margin:20px 0}
#com-outer{padding:20px 0px}
#com-outer > div{margin-bottom:20px}
.comment-form .glyphicon-remove{font-size:12px}
.com_form{background:#F7F7F7;padding:15px;border-top:1px solid #E6E6E6}
h4.com4{margin:-1px!important}
.com_ava{float:left;margin-right:15px;width:52px;height:52px;background:url(https://1.bp.blogspot.com/-GNFqyq2fSuk/VyZIfpNrovI/AAAAAAAAFQg/zMlv5AyNoIUnY-9deL8WRs8elJCZMoB1ACLcB/s1600/no_ava.png);background-size:cover}
.com_time a{color:#666;font-size:12px}
.com_article{overflow:hidden;border-bottom:1px solid #ddd;padding-bottom:15px;margin-bottom:15px}
.comment_child{margin:20px 0 20px 67px}
#com-outer > div > .comment_child{background:#FBFBFB;padding:20px}
.com_user{line-height:1.3}
.com_user .label{padding:3px 6px 2px;margin-left:5px}
.com_body p{margin:10px 0}
.comment_reply{padding-right:15px}
/*OTHER */
.progress{height:15px;display:block}
.progress:after{content:"";display:block;clear:both}
.rilisan li{margin-bottom:10px}
.rilisan li:after{content:"";clear:both;display:block}
.rilisan b{display:block;font-size:14px}
.rilisan .alert{margin-bottom:0;margin-top:15px}
h1.post-title.entry-title{font-size:27px;line-height:1.3;margin:0}
.breadcrumb{background:#F7F7F7}
.post-footer,.post-header{padding:10px 0;color:#666;font-size:13px}
.post-header>span{padding-right:10px}
.ftime abbr{border:0}
.post-footer{padding-bottom:0}
.post-footer i,.post-header i{font-size:12px;padding-right:5px}
.post-header a{color:#666}
.post-header i{color:#666}
.post-body img{max-width:100%;margin:10px auto;display:block}
.post-body blockquote{font-size:15px;line-height:1.8}
.staff_pos h4{display:block;margin:5px 0 15px}
.staff_item{margin-bottom:20px}
.staff_pos{padding:0 10px}
.staff_thmb img{width:100%;max-width:inherit!important;margin:inherit!important}
.dl-quality{font-weight:700;color:#666}
.dl-item{margin-bottom:15px}
h3.dl-title{font-size:16px;border-left:3px solid;padding-left:10px;line-height:1.4;margin-bottom:15px}
.dl-anime a:after{content:"-";padding:0 10px 0 12px;-webkit-user-select:none;-moz-user-select:none;-ms-user-select:none;user-select:none;color:#222;cursor:default}
.dl-anime a:hover{color:#111}
.dl-anime a:last-child:after{content:"";padding:0}
#related_posts{padding:15px 0 5px}
#related_img{margin:0 -8px}
.news-item{position:relative;overflow:hidden;padding:0 8px;margin-bottom:15px}
.news-item:hover img{opacity:.8}
.news-title{font-size:18px;position:absolute;bottom:10px;color:#fff!important;text-shadow:0 1px 2px rgba(0,0,0,.4);width:calc(100% - 16px);padding:0 10px;font-weight:400;line-height:1.4;font-family:'Roboto Condensed',sans-serif}
.news-item a:first-child{display:block;overflow:hidden}

/* News Ticker */
.ticker-wrap{display:block;text-align:center;margin:0 15px 20px;padding:2px;background:#fefefe;border:1px solid rgba(0,0,0,0.1);border-left:4px solid #DC7489}
.ticker-wrap>span{display:inline-block;background:#fefefe;padding:0;font:700 13px roboto,sans-serif}
.ticker-wrap>span>a{color:#222;text-decoration:none}
#ticker{height:45px;overflow:hidden;background:#fefefe;text-align:left}
#ticker ul{padding:0;margin:0;list-style:none;width:100%;}
#ticker ul li{height:45px;white-space:nowrap}
#ticker ul li img{float:left;width:35px;height:35px;margin:5px 12px 5px 5px}
#ticker ul li h3{margin:0;font:700 16px roboto,sans-serif;white-space:nowrap;overflow:hidden;text-overflow:ellipsis}
#ticker ul li h3 a{color:#333;text-decoration:none;line-height:25px!important}
#ticker ul li .tickermeta{font:400 13px 'Roboto',sans-serif;line-height:20px!important;color:#999}

/* Unslider */
.unslider{position:relative;overflow:hidden;background:#ECEAEA;margin-bottom:15px}
.unslider-wrap,.banner ul{margin:0;list-style:none;padding:0;overflow:hidden;position:relative}
.unslider-wrap>li>a,.banner>li>a{display:block}
.banner{overflow:hidden;max-height:420px}
.unslider-wrap li,.banner li{float:left;list-style:none;position:relative;max-height:420px}
.unslider-fade{position:relative}
.unslider-wrap img{width:100%;height:auto}
.unslider-caption{position:absolute;bottom:100px;left:80px;padding:0 10px;max-width:700px;color:#fff}
.unslider-title{color:#fff;margin:10px 0}
.unslider-tag{border:1px solid;padding:0 10px;line-height:2;display:inline-block;font-size:12px;border-radius:4px;color:#fff}
.unslider-tag i{padding-right:10px}
.unslider-snippet{margin:0}
.unslider-caption .button{margin-top:15px}
.load-overlay i{display:inline-block;font-size:35px}
.load-overlay{position:absolute;left:0;right:0;top:25%;text-align:center}
.unslider-nav{position:absolute;bottom:20px;left:0;right:0;top:auto;margin:0}
.unslider-nav ol{list-style:none;text-align:center}
.unslider-nav ol li{display:inline-block;float:none;width:6px;height:6px;margin:0 4px;padding:3px;background:transparent;border-radius:5px;overflow:hidden;text-indent:-999em;border:2px solid #fff;cursor:pointer;opacity:.4}
.unslider-nav ol li.unslider-active{background:#fff;cursor:default;opacity:1}

/* Post Share in post */
.post-share-buttons{display:inline-block;margin-top:.5em;vertical-align:middle;}
.share-button{width:20px;height:20px;background:url(http://3.bp.blogspot.com/-derfRu8CYnw/UzKL_T532DI/AAAAAAAAbiQ/3Hs9hjRW_yQ/s1600/share_buttons_20_3.png) no-repeat left !important;overflow:hidden;margin-left:-1px;position:relative;}
.dummy-container{vertical-align:top;padding-left:.3em;}
a:hover.share-button{text-decoration:none;z-index:1;}
.share-button-link-text{display:block;text-indent:-9999px;}
.sb-email{background-position:0 0 !important;}
a:hover.sb-email{background-position:0 -20px !important;}
a:active.sb-email{background-position:0 -40px !important;}
.sb-blog{background-position:-20px 0 !important;}
a:hover.sb-blog{background-position:-20px -20px !important;}
a:active.sb-blog{background-position:-20px -40px !important;}
.sb-twitter{background-position:-40px 0 !important;}
a:hover.sb-twitter{background-position:-40px -20px !important;}
a:active.sb-twitter{background-position:-40px -40px !important;}.sb-facebook{background-position:-60px 0 !important;}a:hover.sb-facebook{background-position:-60px -20px !important;}
a:active.sb-facebook{background-position:-60px -40px !important;}
.sb-buzz{display:none !important;}
.sb-orkut{background-position:-80px 0 !important;margin-left:-5px;}
a:hover.sb-orkut{background-position:-80px -20px !important;}
a:active.sb-orkut{background-position:-80px -40px !important;}
.sb-pinterest{background-position:-100px 0 !important;margin-left:-5px;}
a:hover.sb-pinterest{background-position:-100px -20px !important;}
a:active.sb-pinterest{background-position:-100px -40px !important;}
.goog-inline-block{position:relative;display:inline-block;left:1px;}

/* RESPONSIVE_ADD */
@media screen and (min-width: 1200px){.container{width:1110px!important}}
@media screen and (max-width:1200px){.container{width:95%!important}}
@media screen and (min-width:640px) and (max-width:868px){.popular-posts .item-thumbnail img{width:130%;margin-left:-15%}.popular-posts .item-title{font-size:14px}.news-item{width:50%}}
@media screen and (min-width:480px) and (max-width:768px){.searchy{float:none!important;position:relative!important}.news-item{padding:8px!important;margin-bottom:10px}.comment_child{margin:20px auto}.news-item img{width:100%}.news-title{text-shadow:0 1px 3px rgba(0,0,0,.3)}}
@media screen and (max-width:767px){#nav-wrapper ul{margin:0 auto}.popular-posts ul{margin:0 -15px}.popular-posts li{float:left;width:50%;padding:0 10px}#mob-lab{display:block;visibility:visible;color:#fff;text-transform:uppercase;font-size:15px;padding:15px;letter-spacing:.3px;cursor:pointer;margin:0}#mob-lab i{font-size:13px;padding-right:5px}#mob-put{display:block;visibility:visible;-webkit-appearance:none;position:absolute;margin:0;width:100%;height:57px;z-index:100;cursor:pointer}#mob-put:checked ~ ul{display:block;margin:0}.navbar-nav{display:none}}
@media screen and (max-width:640px){.popular-posts .item-thumbnail img{width:100%!important;margin-left:0}.pagination .pages{display:none}.com_ava{display:none}#footer-wrapper .credit>p{line-height:1.7;text-align:center}}
@media screen and (max-width:520px){.news-item{width:100%;margin-bottom:15px}.news-item img{width:100%}}
@media screen and (max-width:480px){.fgenre{float:none!important;margin-top:10px}.genrebox{width:100%}#sidebar-wrapper{padding:0}#main-wrapper{padding:0}.post-header>span{display:block}.popular-posts .item-thumbnail{width:100%;float:none!important;margin:0 0 10px}.popular-posts .item-thumbnail img{margin:auto;display:block}.popular-posts .item-title{margin-top:-45px}.popular-posts li{width:100%!important;float:none;padding:0}.popular-posts ul{margin:0!important}.fcoment{display:none}.post-header{text-align:center}#comments{margin:20px 0}#footer-wrapper .credit{padding:10px 15px}#search{float:none;max-width:inherit}.post-header>span{padding:0;display:block;border-bottom:1px solid #ddd;line-height:2.2}.post-read,.post-share{display:block!important;float:none}h2.entry-title{line-height:1.5;text-align:center}.nav-tabs{background:#F3F3F3;padding:10px!important}.nav-tabs>li{width:100%;text-align:center;margin-bottom:5px}.nav-tabs>li.active>a,.nav-tabs>li.active>a:focus,.nav-tabs>li.active>a:hover{border:1px solid #215A8C;border-radius:3px;color:#fff;background:#337ab7}.nav-tabs>li>a:hover{background:#fff;color:#1155C5;border-color:#1155C5}.nav-tabs>li>a{background:#fff;border:1px solid #ddd;border-radius:3px;color:#333}}
@media screen and (max-width:425px){.news-item img{display:none}.news-title:before{content:"\e258";padding-right:10px;font-family:'Glyphicons Halflings';font-size:10px}.news-item{margin-bottom:0;padding:0}.news-title{position:static;color:#333!important;display:block;padding:0 0 8px 10px;width:100%;font-size:14px;text-shadow:inherit;font-family:Roboto}#related_img:before{content:"Related Posts :";font-weight:700;text-transform:uppercase;margin:0 10px 10px}.comment_child{margin-left:10px}}
*/]]></b:skin>
<b:if cond='data:blog.pageType != &quot;item&quot;'><b:if cond='data:blog.pageType != &quot;static_page&quot;'>
<style type='text/css'>/*<![CDATA[*/
.post{position:relative;padding:15px 0;border-bottom:1px solid #E2E2E2}
.post:first-child{padding-top:25px}
.main_post{overflow:hidden}
.thumb_post{float:left;margin-right:25px}
.post h2.entry-title{color:#1155C5}
h2.entry-title{font-size:18px;overflow:hidden;margin:2px auto 0;font-weight:700}
.post-header{white-space:nowrap;overflow:hidden;text-overflow:ellipsis;padding:6px 0 5px}
.post-body{display:block}
.post-body p{margin:0}
.post-read{display:inline-block;background:#222;color:#fff;font-family:Roboto Condensed,sans-serif;font-weight:700;text-transform:uppercase;padding:5px 15px 3px;letter-spacing:.3px;text-align:center;font-size:12px;margin-top:-2px}
.post-read a{color:#fff}
.post-read i{font-size:10px;padding-right:0}
.carousel-control{color:#fff!important}
.wfeet-posts{margin:0 -10px!important}
.wfeet-posts>.post{padding:0 10px 10px;overflow:hidden;border:0;min-height:185px}
.wfeet_thumbs:hover img{opacity:.8}
.wfeet_thumbs img{width:100%}
.wfeet_thumbs{overflow:hidden;position:relative}
.wfeet_thumbs>.ftime{position:absolute;bottom:0;left:0;background:rgba(0,0,0,0.6);color:#fff;font-size:12px;font-weight:700;padding:0 10px;line-height:30px}
.wfeet_title{font-weight:700;font-family:Roboto Condensed;letter-spacing:.1px;padding:5px 0 0;font-size:14px;display:block;color:#333!important;text-transform:uppercase}
@media screen and (min-width:480px) and (max-width:640px) {h2.entry-title{font-size:130%;font-weight:400;white-space:nowrap;text-overflow:ellipsis;overflow:hidden}}
@media screen and (min-width:480px) and (max-width:868px) {.post-read{position:absolute;left:0;bottom:5px}.fcoment{display:none}.post-body p{height:46px;-webkit-line-clamp:2;display:-webkit-box;overflow:hidden}}
@media screen and (max-width:480px) {
.wfeet-posts>.post{width:100%}
.ticker-wrap{margin:0 0 20px}
#ticker ul li h3{white-space:pre-line;font-size:13px;display:block;padding-top:4px}
#ticker ul li h3 a{display:block;line-height:1.5!important}
#ticker ul li .tickermeta{display:none}
.carousel{display:none}
.thumb_post{float:none!important;margin:0 0 10px!important}
.thumb_post img{width:100%}
.wfeet_thumbs img{width:100%}
}
/*]]>*/</style></b:if></b:if>
<b:if cond='data:blog.languageDirection == &quot;rtl&quot;'><style type='text/css'>/*<![CDATA[*/.fr{float:left}.fl{float:right}.fgenre>i{right:inherit;left:10px}#nav-wrapper li i{padding:0 0 0 10px}#ticker ul li{direction:rtl;text-align:right}#ticker ul li img{float:right;margin:5px 5px 5px 15px}.post-read,.wfeet_thumbs>.ftime{left:inherit;right:0}h3.dl-title{border-left:0;border-right:3px solid;padding:0 10px 0 0}.com_ava{margin:0 0 0 15px;float:right}.list-label-widget-content li>span{float:left}.Label .list-label-widget-content a:before{float:right;padding-left:15px;padding-top:2px}.post-read i{float:left;padding:0 0 0 5px;transform:rotate(180deg);margin-top:3px}.sidebar .widget > h2 i,.sidebar .widget > h3 i,.main-title i,.main .widget>h2 i{padding:0 0 0 10px}.sidebar .widget > h2,.sidebar .widget > h3,.main-title,.wfeet_title,.main_post,.popular-posts .item-content,.wfeet-posts .ftime,.rilisan,.staff_pos{direction:rtl}.progress-bar{float:right}.popular-posts .item-title{text-align:right;direction:rtl}.wfeet-posts .ftime i{padding:0 0 0 10px}.thumb_post{float:right;margin:0 0 0 25px}.search_input{direction:rtl;padding-right:60px;text-align:right}.sidebar .widget > h2 i,.sidebar .widget > h3 i,.main-title i{margin:0;padding-left:10px}.staff_thmb{float:right}.post-footer i,.post-header i{padding:0 0 0 6px}.com_option>a{float:right;padding-right:10px}/*]]>*/</style></b:if>
<script src='//ajax.googleapis.com/ajax/libs/jquery/1.11.3/jquery.min.js'/>
<script crossorigin='anonymous' integrity='sha384-0mSbJDEHialfmuBBQP6A4Qrprq5OVfW37PRR3j5ELqxss1yVqOtnepnHVP9aJ7xS' src='https://maxcdn.bootstrapcdn.com/bootstrap/3.3.6/js/bootstrap.min.js'/>
<script type='text/javascript'>/*<![CDATA[*/
function loadCSS(t,e,s){"use strict";var o=window.document.createElement("link"),n=e||window.document.getElementsByTagName("script")[0];o.rel="stylesheet",o.href=t,o.media="only x",n.parentNode.insertBefore(o,n),setTimeout(function(){o.media=s||"all"})}loadCSS("//fonts.googleapis.com/css?family=Roboto:400,700|Roboto+Condensed:400,700,400italic,700italic"),$(function(){var t=window.location.href;$("nav a").each(function(){this.href===t&&$(this).addClass("active")}),$(".searchy").click(function(){$("#search").slideToggle("slow")}),$('.ContactForm').hide(),$(".PopularPosts img").attr("src",function(t,e){return e.replace("s72-c","w330-h150-c")}), $('.carousel').carousel({interval:6000}) });
/*]]>*/</script>
<b:if cond='data:blog.pageType != &quot;item&quot;'><b:if cond='data:blog.pageType != &quot;static_page&quot;'><script src='//googledrive.com/host/0BzS_ENmQ1AtkTjhXdV9LZ0RFSnc/sakura.js'/></b:if></b:if>
</head>
<body itemscope='itemscope' itemtype='http://schema.org/WebPage'>
<div itemprop='mainContentOfPage' itemscope='itemscope' itemtype='https://schema.org/WebPageElement'>
<div id='head-wrapper'><div class='container'>
<div class='fl fsearch fx' id='search'>
<div itemprop='mainEntity' itemscope='itemscope' itemtype='https://schema.org/WebSite'>
<meta expr:content='data:blog.homepageUrl' itemprop='url'/>
<form action='/search' class='searchs fx' itemprop='potentialAction' itemscope='itemscope' itemtype='https://schema.org/SearchAction' method='get'>
<meta content='/search?q={q}' itemprop='target'/>
<input class='search_input' id='search-form' itemprop='query-input' name='q' placeholder='Find Episode' required='required' type='text'/>
<button class='search_submit' type='submit'><i class='glyphicon glyphicon-search'/></button>
</form>
</div>
</div>
<div class='fr fgenre fx'><i class='glyphicon glyphicon-menu-down'/>
<select class='genrebox' onchange='document.location.href=this.options[this.selectedIndex].value;'>
<option value=''>Genres : </option>
<option value='/search/label/Action/'>Action</option>
<option value='/search/label/Adventure/'>Adventure</option>
<option value='/search/label/Comedy/'>Comedy</option>
<option value='/search/label/Demons/'>Demons</option>
<option value='/search/label/Drama/'>Drama</option>
<option value='/search/label/Ecchi/'>Ecchi</option>
<option value='/search/label/Fantasy/'>Fantasy</option>
<option value='/search/label/Game/'>Game</option>
<option value='/search/label/Harem/'>Harem</option>
<option value='/search/label/Historical/'>Historical</option>
<option value='/search/label/Horror/'>Horror</option>
<option value='/search/label/Kids/'>Kids</option>
<option value='/search/label/Magic/'>Magic</option>
<option value='/search/label/Martial Arts/'>Martial Arts</option>
<option value='/search/label/Mecha/'>Mecha</option>
<option value='/search/label/Military/'>Military</option>
<option value='/search/label/Music/'>Music</option>
<option value='/search/label/Mystery/'>Mystery</option>
<option value='/search/label/Parody/'>Parody</option>
<option value='/search/label/Police/'>Police</option>
<option value='/search/label/Psychological/'>Psychological</option>
<option value='/search/label/Romance/'>Romance</option>
<option value='/search/label/Samurai/'>Samurai</option>
<option value='/search/label/School/'>School</option>
<option value='/search/label/Sci-Fi/'>Sci-Fi</option>
<option value='/search/label/Seinen/'>Seinen</option>
<option value='/search/label/Shoujo/'>Shoujo</option>
<option value='/search/label/Shoujo Ai/'>Shoujo Ai</option>
<option value='/search/label/Shounen/'>Shounen</option>
<option value='/search/label/Shounen Ai/'>Shounen Ai</option>
<option value='/search/label/Slice of Life/'>Slice of Life</option>
<option value='/search/label/Space/'>Space</option>
<option value='/search/label/Sports/'>Sports</option>
<option value='/search/label/Super Power/'>Super Power</option>
<option value='/search/label/Supernatural/'>Supernatural</option>
<option value='/search/label/Thriller/'>Thriller</option>
</select>
</div>
</div>
</div>
<div class='container' id='outer-wrapper'>
<div class='row fx' id='top-wrapper'>
<header class='fx' id='header-wrapper' itemprop='mainEntity' itemscope='itemscope' itemtype='http://schema.org/WPHeader' role='banner'>
<b:section class='header' id='header_widget' maxwidgets='1' name='Header' showaddelement='no'>
  <b:widget id='Header1' locked='true' title='Experiment Project Blogger (Header)' type='Header' version='1' visible='true'>
    <b:includable id='main'>
  <b:if cond='data:useImage'>
    <b:if cond='data:imagePlacement == &quot;BEHIND&quot;'>
<b:if cond='data:mobile'>
<div id='header-inner'><div class='titlewrapper' style='background: transparent'><b:include name='title'/></div><b:include name='description'/></div>
<b:else/>
<div expr:style='&quot;background-image: url(\&quot;&quot; + data:sourceUrl + &quot;\&quot;); &quot;                        + &quot;background-position: &quot;                        + data:backgroundPositionStyleStr + &quot;; &quot;                        + data:widthStyleStr                        + &quot;min-height: &quot; + data:height                        + &quot;_height: &quot; + data:height                        + &quot;background-repeat: no-repeat; &quot;' id='header-inner'>
<div class='titlewrapper' style='background: transparent'>
<b:include name='title'/>
</div>
<b:include name='description'/>
</div>
</b:if>
<b:else/>
<!--Show the image only-->
<div id='header-inner'>
<b:if cond='data:blog.pageType != &quot;item&quot;'>
<b:if cond='data:blog.pageType == &quot;static_page&quot;'>
<h2 class='title'><a expr:href='data:blog.homepageUrl' itemprop='url' style='display: block'><img expr:alt='data:title' expr:height='data:height' expr:id='data:widget.instanceId + &quot;_headerimg&quot;' expr:src='data:sourceUrl' expr:title='data:title' expr:width='data:width' style='display: block'/></a></h2>
<b:else/>
<h1 class='title'><a expr:href='data:blog.homepageUrl' itemprop='url' style='display: block'><img expr:alt='data:title' expr:height='data:height' expr:id='data:widget.instanceId + &quot;_headerimg&quot;' expr:src='data:sourceUrl' expr:title='data:title' expr:width='data:width' style='display: block'/></a></h1>
</b:if>
<b:else/>
<h2 class='title'><a expr:href='data:blog.homepageUrl' itemprop='url' style='display: block'><img expr:alt='data:title' expr:height='data:height' expr:id='data:widget.instanceId + &quot;_headerimg&quot;' expr:src='data:sourceUrl' expr:title='data:title' expr:width='data:width' style='display: block'/></a></h2>
</b:if>
<!--Show the description-->
<b:if cond='data:imagePlacement == &quot;BEFORE_DESCRIPTION&quot;'><b:include name='description'/></b:if>
</div>
</b:if>
<b:else/>
<!--No header image -->
<div id='header-inner'>
<b:if cond='data:blog.pageType != &quot;item&quot;'>
<b:if cond='data:blog.pageType == &quot;static_page&quot;'>
<h1 class='title'><b:include name='title'/></h1>
<b:else/>
<h1 class='title'><b:include name='title'/></h1>
</b:if>
<b:else/>
<h2 class='title'><b:include name='title'/></h2>
</b:if>
<b:include name='description'/>
</div>
</b:if>
</b:includable>
    <b:includable id='description'><p class='description' itemprop='description'><span><small><data:description/></small></span></p></b:includable>
    <b:includable id='title'><a expr:href='data:blog.homepageUrl' expr:title='data:blog.title' itemprop='url headline'><span itemprop='name'><data:title/></span></a></b:includable>
  </b:widget>
</b:section>
</header>
<nav class='fx' id='nav-wrapper' itemprop='mainEntity' itemscope='itemscope' itemtype='http://schema.org/SiteNavigationElement' role='navigation'>
<input class='fh' id='mob-put' type='checkbox'/>
<label class='fh' id='mob-lab'><i class='glyphicon glyphicon-menu-hamburger'/> Navigation</label>
<ul class='nav navbar-nav fx'>
<li><a expr:href='data:blog.homepageUrl' itemprop='url'><span itemprop='name'><i class='glyphicon glyphicon-home'/> Home</span></a></li>
<li><a href='/p/project.html' itemprop='url'><span itemprop='name'><i class='glyphicon glyphicon-file'/> Project</span></a></li>
<li><a href='/p/staff.html' itemprop='url'><span itemprop='name'><i class='glyphicon glyphicon-user'/> Staff</span></a></li>
<li><a href='/p/contacts.html' itemprop='url'><span itemprop='name'><i class='glyphicon glyphicon-envelope'/> Contact</span></a></li>
<li><a href='/p/archive.html' itemprop='url'><span itemprop='name'><i class='glyphicon glyphicon-folder-open'/> Archive</span></a></li>
</ul>
</nav>
</div>
<div class='row fx' id='content-wrapper'>
<b:if cond='data:blog.pageType != &quot;error_page&quot;'>
<b:if cond='data:blog.pageType != &quot;item&quot;'><b:if cond='data:blog.pageType != &quot;static_page&quot;'>
<div class='ticker-wrap' data-domain='phrozen2-bt.blogspot.co.id'><div id='ticker'/></div>
<!-- replace data-domain='phrozen2-bt.blogspot.co.id' with your name blog -->
</b:if></b:if>
<div class='col-xs-12 col-sm-8 col-md-8' id='main-wrapper' itemscope='itemscope' itemtype='http://schema.org/Blog' role='main'>
<b:if cond='data:blog.pageType != &quot;item&quot;'><b:if cond='data:blog.pageType != &quot;static_page&quot;'>
<div class='carousel slide' data-ride='carousel' id='carousel-generic'>
  <!-- Indicators -->
  <ol class='carousel-indicators'>
    <li class='active' data-slide-to='0' data-target='#carousel-generic'/>
    <li data-slide-to='1' data-target='#carousel-generic'/>
    <li data-slide-to='2' data-target='#carousel-generic'/>
    <li data-slide-to='3' data-target='#carousel-generic'/>
    <li data-slide-to='4' data-target='#carousel-generic'/>
  </ol>
  <!-- Wrapper for slides -->
  <div class='carousel-inner' role='listbox'>
    <div class='item active'>
      <img alt='Musaigen no Phantom World' src='http://1.bp.blogspot.com/-mjoBTl5gbwQ/VqHK6fEArWI/AAAAAAAAE9U/oM_5S779blc/w690-h350-c/slider_4.jpg'/>
      <div class='carousel-caption'>
        <h3>Musaigen no Phantom World</h3>
        <p>In the near future, spirits and monsters are in full sight.</p>
      </div>
    </div>
    <div class='item'>
      <img alt='Durarara!!×2 Ketsu' src='http://1.bp.blogspot.com/-tJNhpAZn0KI/VqHKtU4r-xI/AAAAAAAAE88/D0UHhW8XlLA/w690-h350-c/slider_2.jpg'/>
      <div class='carousel-caption'>
        <h3>Durarara!!&#215;2 Ketsu</h3>
        <p>Final cour of &quot;Durarara!!&#215;2.&quot;</p>
      </div>
    </div>
    <div class='item'>
      <img alt='Akagami no Shirayuki-hime 2nd Season' src='http://3.bp.blogspot.com/-amvlA0yscJY/VqHK8LJrKhI/AAAAAAAAE9c/qK7ajeFZHGI/w690-h350-c/slider_5.jpg'/>
      <div class='carousel-caption'>
        <h3>Akagami no Shirayuki-hime 2nd Season</h3>
        <p>In the kingdom of Tanbarun lives Shirayuki, an independent and strong-willed young woman.</p>
      </div>
    </div>
    <div class='item'>
      <img alt='Shoujo-tachi wa Kouya wo Mezasu' src='http://4.bp.blogspot.com/-je7luNrXGD4/VqHKxMgKiYI/AAAAAAAAE9E/vliJmIPu4rE/w690-h350-c/slider_1.jpg'/>
      <div class='carousel-caption'>
        <h3>Shoujo-tachi wa Kouya wo Mezasu</h3>
        <p>Buntarou doesn&#8217;t know what he wants to do in the future.</p>
      </div>
    </div>
    <div class='item'>
      <img alt='HaruChika' src='http://1.bp.blogspot.com/-z0KDKAQqxqY/VqHK06c2NSI/AAAAAAAAE9M/xgqOSudrtJQ/w690-h350-c/slider_3.png'/>
      <div class='carousel-caption'>
        <h3>HaruChika: Haruta to Chika wa Seishun Suru</h3>
        <p>The original novels revolve around two high school students named Haruta and Chika.</p>
      </div>
    </div>
  </div>
  <!-- Controls -->
  <a class='left carousel-control' data-slide='prev' href='#carousel-generic' role='button'>
    <span aria-hidden='true' class='glyphicon glyphicon-chevron-left'/>
    <span class='sr-only'>Previous</span>
  </a>
  <a class='right carousel-control' data-slide='next' href='#carousel-generic' role='button'>
    <span aria-hidden='true' class='glyphicon glyphicon-chevron-right'/>
    <span class='sr-only'>Next</span>
  </a>
</div>
<b class='main-title'><i class='glyphicon glyphicon-menu-hamburger'/> Recent Anime</b>
</b:if></b:if>
<b:section class='main' id='main' name='Main Blog' showaddelement='no'>
  <b:widget id='Blog1' locked='true' title='Blog Posts' type='Blog' version='1' visible='true'>
    <b:includable id='main' var='top'>
  <b:if cond='data:mobile == &quot;false&quot;'>
    <!-- posts -->
    <div class='blog-posts hfeed'>
      <b:include data='top' name='status-message'/>
    <b:loop values='data:posts' var='post'>
      <b:include data='post' name='post'/>
      <b:if cond='data:blog.pageType == &quot;static_page&quot;'>
        <b:include data='post' name='threaded_comments'/>
      </b:if>
      <b:if cond='data:blog.pageType == &quot;item&quot;'>
        <b:include data='post' name='threaded_comments'/>
      </b:if>
     <!-- Ad -->
     <b:if cond='data:post.includeAd'>
       <div class='inline-ad'>
         <data:adCode/>
       </div>
     </b:if>
    </b:loop>
	
  <!-- navigation -->
<div class='clear'/></div>
  <b:if cond='data:blog.pageType != &quot;static_page&quot;'><b:if cond='data:blog.pageType != &quot;item&quot;'><b:include name='pagination'/></b:if></b:if>
<div class='clear'/>
<b:else/><b:include name='mobile-main'/></b:if>
</b:includable>
    <b:includable id='backlinkDeleteIcon' var='backlink'/>
    <b:includable id='backlinks' var='post'/>
    <b:includable id='breadcrumb' var='posts'>
<b:if cond='data:blog.homepageUrl != data:blog.url'><b:if cond='data:blog.pageType == &quot;static_page&quot;'>
<ol class='breadcrumb'><li><span><a expr:href='data:blog.homepageUrl' rel='tag'>Home</a></span></li> <li><span><data:blog.pageName/></span></li></ol>
<b:else/>
<b:if cond='data:blog.pageType == &quot;item&quot;'>
<!-- breadcrumb for the post page -->
<b:loop values='data:posts' var='post'>
<b:if cond='data:post.labels'>
<ol class='breadcrumb'>
<li><span typeof='v:Breadcrumb'><a expr:href='data:blog.homepageUrl' property='v:title' rel='v:url'>Home</a></span></li>
<b:loop values='data:post.labels' var='label'> <li><span typeof='v:Breadcrumb'><a expr:href='data:label.url' property='v:title' rel='v:url'><data:label.name/></a></span></li></b:loop> <li><span><data:post.title/></span></li>
</ol>
<b:else/>
<ol class='breadcrumb'><li><span><a expr:href='data:blog.homepageUrl' rel='tag'>Home</a></span></li> <li><span>Unlabelled</span></li> <li><span><data:post.title/></span></li></ol>
</b:if>
</b:loop>
<b:else/>
<b:if cond='data:blog.pageType == &quot;archive&quot;'>
<!-- breadcrumb for the label archive page and search pages.. -->
<ol class='breadcrumb'><li><span><a expr:href='data:blog.homepageUrl'>Home</a></span></li> <li><span>Archives for <data:blog.pageName/></span></li></ol>
<b:else/>
<b:if cond='data:blog.pageType == &quot;index&quot;'>
<ol class='breadcrumb'>
<b:if cond='data:blog.pageName == &quot;&quot;'>
<li><span><a expr:href='data:blog.homepageUrl'>Home</a></span></li> <li><span>All posts</span></li>
<b:else/>
<li><span><a expr:href='data:blog.homepageUrl'>Home</a></span></li> <li><span>Posts filed under <data:blog.pageName/></span></li>
</b:if>
</ol>
</b:if>
</b:if>
</b:if></b:if></b:if>
</b:includable>
    <b:includable id='comment-form' var='post'/>
    <b:includable id='commentDeleteIcon' var='comment'/>
    <b:includable id='comment_count_picker' var='post'/>
    <b:includable id='comment_picker' var='post'/>
    <b:includable id='comments' var='post'/>
    <b:includable id='feedLinks'/>
    <b:includable id='feedLinksBody' var='links'/>
    <b:includable id='iframe_comments' var='post'/>
    <b:includable id='mobile-index-post' var='post'/>
    <b:includable id='mobile-main' var='top'/>
    <b:includable id='mobile-nextprev'/>
    <b:includable id='mobile-post' var='post'/>
    <b:includable id='nextprev'>
 <div class='blog-pager' id='blog-pager'>
<b:if cond='data:newerPageUrl'> <span id='page-newer'> <a class='page-newer' expr:href='data:newerPageUrl' expr:id='data:widget.instanceId + &quot;_blog-pager-newer-link&quot;' expr:title='data:newerPageTitle'>&#171; Newer Post</a> </span> </b:if> 
<b:if cond='data:olderPageUrl'> <span id='page-older'> <a class='page-older' expr:href='data:olderPageUrl' expr:id='data:widget.instanceId + &quot;_blog-pager-older-link&quot;' expr:title='data:olderPageTitle'> Older Post</a> </span> </b:if>
<a class='home-link' expr:href='data:blog.homepageUrl'><data:homeMsg/></a> <b:if cond='data:mobileLinkUrl'> <div class='blog-mobile-link'> <a expr:href='data:mobileLinkUrl'><data:mobileLinkMsg/></a> </div> </b:if> <div class='clear'/></div>
</b:includable>
    <b:includable id='pagination'>
<nav class='pagination blog-pager' id='blog-pager'><ul class='pagination'>
<script type='text/javascript'>/*<![CDATA[*/
var perPage=5,numPages=5,firstText="First",lastText="Last",prevText="<i class='glyphicon glyphicon-menu-left'></i>",nextText="<i class='glyphicon glyphicon-menu-right'></i>",urlactivepage=location.href,home_page="/";
/*]]>*/</script>
<script type='text/javascript'>/*<![CDATA[*/
eval(function(p,a,c,k,e,r){e=function(c){return(c<a?'':e(parseInt(c/a)))+((c=c%a)>35?String.fromCharCode(c+29):c.toString(36))};if(!''.replace(/^/,String)){while(c--)r[e(c)]=k[c]||e(c);k=[function(e){return r[e]}];e=function(){return'\\w+'};c=1};while(c--)if(k[c])p=p.replace(new RegExp('\\b'+e(c)+'\\b','g'),k[c]);return p}('A 1c(e){b a="";J=I(Y/2),J==Y-J&&(Y=2*J+1),D=d-J,D<1&&(D=1),7=I(e/f)+1,7-1==e/f&&(7-=1),G=D+Y-1,G>7&&(G=7),a+="<4 z=\'1M\'>1s "+d+" 1C "+7+"</4>";b t=I(d)-1;d>1&&(a+="h"==c?\'<4 z="1b 1a"><a 5="\'+y+\'">\'+W+"</a></4>":\'<4 z="1a"><a 5="/k/m/\'+v+"?&6-i="+f+\'">\'+W+"</a></4>"),d>2&&(a+=3==d?"h"==c?\'<4 z="1b"><a 5="\'+y+\'">\'+S+"</a></4>":\'<4><a 5="/k/m/\'+v+"?&6-i="+f+\'">\'+S+"</a></4>":"h"==c?\'<4><a 5="#" o="E(\'+t+\');p u">\'+S+"</a></4>":\'<4><a 5="#" o="C(\'+t+\');p u">\'+S+"</a></4>"),D>1&&(a+="h"==c?\'<4><a 5="\'+y+\'">1</a></4>\':\'<4><a 5="/k/m/\'+v+"?&6-i="+f+\'">1</a></4>\');18(b r=D;r<=G;r++)a+=d==r?\'<4 z="1y"><a 5="#">\'+r+"</a></4>":1==r?"h"==c?\'<4><a 5="\'+y+\'">1</a></4>\':\'<4><a 5="/k/m/\'+v+"?&6-i="+f+\'">1</a></4>\':"h"==c?\'<4><a 5="#" o="E(\'+r+\');p u">\'+r+"</a></4>":\'<4><a 5="#" o="C(\'+r+\');p u">\'+r+"</a></4>";G<7&&(a+="h"==c?\'<4><a 5="#" o="E(\'+7+\');p u">\'+7+"</a></4>":\'<4><a 5="#" o="C(\'+7+\');p u">\'+7+"</a></4>");b l=I(d)+1;d<7-1&&(a+="h"==c?\'<4><a 5="#" o="E(\'+l+\');p u">\'+16+"</a></4>":\'<4><a 5="#" o="C(\'+l+\');p u">\'+16+"</a></4>"),d<7&&(a+="h"==c?\'<4 z="13"><a 5="#" o="E(\'+7+\');p u">\'+Q+"</a></4>":\'<4 z="1B 13"><a 5="#" o="C(\'+7+\');p u">\'+Q+"</a></4>");18(b s=x.1A("1z"),n=x.1E("1x-1w"),g=0;g<s.X;g++)s[g].1d=a;s&&s.X>0&&(a=""),n&&(n.1d=a)}A Z(e){b a=e.17,t=I(a.1u$1v.$t,10);1c(t)}A 1n(){b e=w;-1!=e.9("/k/m/")&&(v=-1!=e.9("?U-6")?e.B(e.9("/k/m/")+14,e.9("?U-6")):e.B(e.9("/k/m/")+14,e.9("?&6"))),-1==e.9("?q=")&&-1==e.9(".1t")&&(-1==e.9("/k/m/")?(c="h",d=-1!=w.9("#F=")?w.B(w.9("#F=")+8,w.X):1,x.15(\'<j N="\'+y+\'M/K/R?6-i=1&P=O-V-j&T=Z"></j>\')):(c="m",-1==e.9("&6-i=")&&(f=1L),d=-1!=w.9("#F=")?w.B(w.9("#F=")+8,w.X):1,x.15(\'<j N="\'+y+"M/K/R/-/"+v+\'?P=O-V-j&T=Z&6-i=1" ></j>\')))}A E(e){L=(e-1)*f,H=e;b a=x.1e("1f")[0],t=x.1g("j");t.1h="1i/1j",t.1k("N",y+"M/K/R?1l-1m="+L+"&6-i=1&P=O-V-j&T=11"),a.1o(t)}A C(e){L=(e-1)*f,H=e;b a=x.1e("1f")[0],t=x.1g("j");t.1h="1i/1j",t.1k("N",y+"M/K/R/-/"+v+"?1l-1m="+L+"&6-i=1&P=O-V-j&T=11"),a.1o(t)}A 11(e){12=e.17.1D[0];b a=12.1q.$t.B(0,19)+12.1q.$t.B(1F,1G),t=1H(a);1I("h"==c)b r="/k?U-6="+t+"&6-i="+f+"#F="+H;1J b r="/k/m/"+v+"?U-6="+t+"&6-i="+f+"#F="+H;1K.5=r}"1r"==1p W&&(W="1N"),"1r"==1p Q&&(Q="1O");b H,c,d,v;1n();',62,113,'||||li|href|max|lastPageNo||indexOf||var|currentPage|currentPageNo||perPage||page|results|script|search||label||onclick|return|||||false|postLabel|urlactivepage|document|home_page|class|function|substring|redirectlabel|pageStart|redirectpage|PageNo|pageEnd|noPage|parseInt|pageNumber|posts|jsonstart|feeds|src|json|alt|lastText|summary|prevText|callback|updated|in|firstText|length|numPages|totalcountdata||finddatepost|post|lastpage||write|nextText|feed|for||firstpage|showpage|looppagecurrentg|innerHTML|getElementsByTagName|head|createElement|type|text|javascript|setAttribute|start|index|pagecurrentg|appendChild|typeof|published|undefined|Page|html|openSearch|totalResults|pager|blog|active|pageArea|getElementsByName|displaypageNum|of|entry|getElementById|23|29|encodeURIComponent|if|else|location|20|pages|First|Last'.split('|'),0,{}))
/*]]>*/</script>
</ul><div class='clear'/></nav>
	</b:includable>
    <b:includable id='post' var='post'>
<article class='post hentry' itemprop='blogPost' itemscope='itemscope' itemtype='http://schema.org/BlogPosting'>
<meta expr:content='data:post.snippet' property='twitter:description'/>
<b:if cond='data:post.firstImageUrl'>
<div itemprop='image' itemscope='itemscope' itemtype='https://schema.org/ImageObject'>
  <meta expr:content='data:post.firstImageUrl' itemprop='url'/>
  <meta content='700' itemprop='width'/>
  <meta content='700' itemprop='height'/>
</div>
</b:if>
<div itemprop='publisher' itemscope='itemscope' itemtype='https://schema.org/Organization'>
<div itemprop='logo' itemscope='itemscope' itemtype='https://schema.org/ImageObject'>
  <meta content='http://www.blogger.com/favicon.ico' itemprop='url'/>
  <meta content='600' itemprop='width'/>
  <meta content='600' itemprop='height'/>
</div>
<meta expr:content='data:blog.title' itemprop='name'/>
</div>
<b:if cond='data:blog.pageType == &quot;static_page&quot;'>
<a expr:id='data:post.id'/><b:if cond='data:post.title'><h1 class='post-title entry-title' itemprop='name headline' style='border-bottom:2px solid #EEE;padding-bottom:10px;margin-bottom:20px;text-transform:uppercase;letter-spacing:1px'><b:if cond='data:post.link'><a expr:href='data:post.link' expr:title='data:post.title'><data:post.title/></a><b:else/><data:post.title/></b:if></h1></b:if>
<div class='post-body entry-content fx' expr:id='&quot;post-body-&quot; + data:post.id' style='margin-bottom:20px;'><data:post.body/></div>
<div class='clear'/>
</b:if> <!-- End Tag Cond Static -->
<b:if cond='data:blog.pageType != &quot;static_page&quot;'><b:if cond='data:blog.pageType != &quot;item&quot;'>
<div class='thumb_post'><b:if cond='data:post.thumbnailUrl'><script type='text/javascript'>/*<![CDATA[*/function bp_thumbnail_resize(image_url,post_title) {image_tag='<img class="thumbs" src="'+image_url.replace('/s72-c/','/w190-h160-c/')+'" alt="'+post_title+'" title="'+post_title+'"/>'; if(image_url!="") return image_tag; else return ""; }/*]]>*/</script><a expr:href='data:post.url'><script type='text/javascript'>document.write(bp_thumbnail_resize(&quot;<data:post.thumbnailUrl/>&quot;,&quot;<data:post.title/>&quot;));</script></a><b:else/><a expr:href='data:post.url'><img class='thumbs' expr:alt='data:post.title' expr:title='data:post.title' src='http://3.bp.blogspot.com/-Es1SxnXP39w/U1Jc1vFiCqI/AAAAAAAACOc/OGKmX4T2mmo/w190-h160-c/no-image.jpg'/></a></b:if></div>
<div class='main_post'>
<a expr:id='data:post.id'/>
<b:if cond='data:post.title'><h2 class='post-title entry-title' itemprop='name headline'><b:if cond='data:post.link'><a expr:href='data:post.link' expr:title='data:post.title' itemprop='url mainEntityOfPage'><data:post.title/></a><b:else/><b:if cond='data:post.url'><a expr:href='data:post.url' expr:title='data:post.title' itemprop='url mainEntityOfPage'><data:post.title/></a><b:else/><data:post.title/></b:if></b:if></h2></b:if>

<header class='post-header fx'>
<span class='fuser vcard'><i class='glyphicon glyphicon-user'/> <span class='fn' itemprop='author' itemscope='itemscope' itemtype='http://schema.org/Person'><span class='given-name' itemprop='name'><data:post.author/></span></span></span>

<span class='ftime'><i class='glyphicon glyphicon-time'/> <a class='updated' expr:href='data:post.url' rel='bookmark' title='permanent link'><abbr class='published' expr:title='data:post.timestampISO8601' itemprop='datePublished dateModified'><data:post.timestamp/></abbr></a></span>

<span class='fcoment'><i class='glyphicon glyphicon-comment'/> <b:if cond='data:post.allowComments'><a class='comment-link' expr:href='data:post.addCommentUrl' expr:onclick='data:post.addCommentOnclick'><b:if cond='data:post.numComments == 1'>1 <data:top.commentLabel/><b:else/><data:post.numComments/> <data:top.commentLabelPlural/></b:if></a></b:if></span>
</header>

<div class='post-body entry-content fx' expr:id='&quot;post-body-&quot; + data:post.id' itemprop='articleBody description'>
<b:if cond='data:post.snippet'><p><data:post.snippet/></p></b:if>
</div>

<footer class='post-footer fx'><span class='fl post-share'><b:include data='post' name='shareButtons'/></span>
<span class='fr post-read'><a expr:href='data:post.url' expr:title='data:post.title'>Continue <i class='glyphicon glyphicon-menu-right'/></a></span>
</footer>
<div class='clear'/></div>
</b:if></b:if> <!-- End Tag Cond Static -->
<b:if cond='data:blog.pageType == &quot;item&quot;'>
<b:include data='post' name='breadcrumb'/>
<a expr:id='data:post.id'/>
<b:if cond='data:post.title'><h1 class='post-title entry-title' itemprop='name headline'><b:if cond='data:post.link'><a expr:href='data:post.link' expr:title='data:post.title' itemprop='url mainEntityOfPage'><data:post.title/></a><b:else/><data:post.title/></b:if></h1></b:if>

<header class='post-header'>
<span class='fuser vcard'><i class='glyphicon glyphicon-user'/> <span class='fn' itemprop='author' itemscope='itemscope' itemtype='http://schema.org/Person'><span itemprop='name'><data:post.author/></span></span></span>
<span class='ftime'><i class='glyphicon glyphicon-time'/> <abbr class='published' expr:title='data:post.timestampISO8601' itemprop='datePublished dateModified'><data:post.timestamp/></abbr></span>
<span class='fcom'><i class='glyphicon glyphicon-comment'/> <b:if cond='data:post.allowComments'><b:if cond='data:post.numComments == 1'>1<b:else/><data:post.numComments/></b:if></b:if></span>
<div class='clear'/>
</header>

<div class='post-body entry-content fx' expr:id='&quot;post-body-&quot; + data:post.id' itemprop='description articleBody'>
<data:post.body/>
</div>

<footer class='post-footer'>
<div class='post-sosmed'><b:include data='post' name='shareButtons'/></div>
</footer>

<b:if cond='data:blog.pageType == &quot;item&quot;'><div id='related_posts'><script type='text/javascript'>/*<![CDATA[*/var _0x330c=["\x3C","\x73\x70\x6C\x69\x74","\x6C\x65\x6E\x67\x74\x68","\x3E","\x69\x6E\x64\x65\x78\x4F\x66","\x73\x75\x62\x73\x74\x72\x69\x6E\x67","","\x6A\x6F\x69\x6E","\x65\x6E\x74\x72\x79","\x66\x65\x65\x64","\x24\x74","\x74\x69\x74\x6C\x65","\x63\x6F\x6E\x74\x65\x6E\x74","\x73\x75\x6D\x6D\x61\x72\x79","\x6D\x65\x64\x69\x61\x24\x74\x68\x75\x6D\x62\x6E\x61\x69\x6C","\x2F\x77\x33\x35\x30\x2D\x68\x31\x34\x30\x2D\x63\x2F","\x72\x65\x70\x6C\x61\x63\x65","\x75\x72\x6C","\x68\x74\x74\x70\x3A\x2F\x2F\x6C\x68\x33\x2E\x67\x67\x70\x68\x74\x2E\x63\x6F\x6D\x2F\x5F\x78\x63\x44\x34\x4A\x4B\x5F\x64\x49\x6A\x55\x2F\x53\x6E\x61\x6D\x49\x68\x30\x4B\x54\x43\x49\x2F\x41\x41\x41\x41\x41\x41\x41\x41\x44\x4D\x41\x2F\x68\x4C\x6A\x71\x6D\x45\x62\x64\x74\x6B\x77\x2F\x64\x2F\x6E\x6F\x69\x6D\x61\x67\x65\x74\x68\x75\x6D\x62\x2E\x67\x69\x66","\x6C\x69\x6E\x6B","\x61\x6C\x74\x65\x72\x6E\x61\x74\x65","\x72\x65\x6C","\x68\x72\x65\x66","\x72\x61\x6E\x64\x6F\x6D","\x66\x6C\x6F\x6F\x72","\x55\x52\x4C","\x3C\x6C\x69\x20\x63\x6C\x61\x73\x73\x3D\x27\x6E\x65\x77\x73\x2D\x69\x74\x65\x6D\x20\x63\x6F\x6C\x2D\x78\x73\x2D\x36\x20\x63\x6F\x6C\x2D\x73\x6D\x2D\x34\x20\x63\x6F\x6C\x2D\x6D\x64\x2D\x34\x27\x3E","\x3C\x61\x20\x68\x72\x65\x66\x3D\x27","\x27\x20\x72\x65\x6C\x3D\x27\x6E\x6F\x66\x6F\x6C\x6C\x6F\x77\x27\x20\x74\x61\x72\x67\x65\x74\x3D\x27\x5F\x74\x6F\x70\x27\x20\x74\x69\x74\x6C\x65\x3D\x27","\x27\x3E\x3C\x69\x6D\x67\x20\x73\x72\x63\x3D\x27","\x27\x20\x2F\x3E\x3C\x2F\x61\x3E","\x3C\x61\x20\x63\x6C\x61\x73\x73\x3D\x27\x6E\x65\x77\x73\x2D\x74\x69\x74\x6C\x65\x27\x20\x68\x72\x65\x66\x3D\x27","\x27\x20\x74\x61\x72\x67\x65\x74\x3D\x27\x5F\x74\x6F\x70\x27\x3E","\x3C\x2F\x61\x3E","\x3C\x73\x70\x61\x6E\x20\x73\x74\x79\x6C\x65\x3D\x27\x64\x69\x73\x70\x6C\x61\x79\x3A\x6E\x6F\x6E\x65\x3B\x27\x20\x63\x6C\x61\x73\x73\x3D\x27\x6E\x65\x77\x73\x2D\x74\x65\x78\x74\x27\x3E","\x20\x2E\x2E\x2E\x20\x3C\x61\x20\x68\x72\x65\x66\x3D\x27","\x3C\x64\x69\x76\x20\x63\x6C\x61\x73\x73\x3D\x27\x63\x6C\x65\x61\x72\x27\x3E\x3C\x2F\x64\x69\x76\x3E\x3C\x2F\x6C\x69\x3E","\x77\x72\x69\x74\x65","\x20"];function saringtags(_0x3d0cx2,_0x3d0cx3){for(var _0x3d0cx4=_0x3d0cx2[_0x330c[1]](_0x330c[0]),_0x3d0cx5=0;_0x3d0cx5<_0x3d0cx4[_0x330c[2]];_0x3d0cx5++){-1!=_0x3d0cx4[_0x3d0cx5][_0x330c[4]](_0x330c[3])&&(_0x3d0cx4[_0x3d0cx5]=_0x3d0cx4[_0x3d0cx5][_0x330c[5]](_0x3d0cx4[_0x3d0cx5][_0x330c[4]](_0x330c[3])+1,_0x3d0cx4[_0x3d0cx5][_0x330c[2]]))};return _0x3d0cx4=_0x3d0cx4[_0x330c[7]](_0x330c[6]),_0x3d0cx4=_0x3d0cx4[_0x330c[5]](0,_0x3d0cx3-1)}function relpostimgthum(_0x3d0cx2){for(var _0x3d0cx3=0;_0x3d0cx3<_0x3d0cx2[_0x330c[9]][_0x330c[8]][_0x330c[2]];_0x3d0cx3++){var _0x3d0cx4=_0x3d0cx2[_0x330c[9]][_0x330c[8]][_0x3d0cx3];reljudul[relnum]=_0x3d0cx4[_0x330c[11]][_0x330c[10]],postcontent=_0x330c[6],_0x330c[12] in _0x3d0cx4?postcontent=_0x3d0cx4[_0x330c[12]][_0x330c[10]]:_0x330c[13] in _0x3d0cx4&&(postcontent=_0x3d0cx4[_0x330c[13]][_0x330c[10]]),relcuplikan[relnum]=saringtags(postcontent,numchars),postimg=_0x330c[14] in _0x3d0cx4?_0x3d0cx4[_0x330c[14]][_0x330c[17]][_0x330c[16]](/\/s\d+(\-c)?\//,_0x330c[15]):_0x330c[18],relgambar[relnum]=postimg;for(var _0x3d0cx5=0;_0x3d0cx5<_0x3d0cx4[_0x330c[19]][_0x330c[2]];_0x3d0cx5++){if(_0x330c[20]==_0x3d0cx4[_0x330c[19]][_0x3d0cx5][_0x330c[21]]){relurls[relnum]=_0x3d0cx4[_0x330c[19]][_0x3d0cx5][_0x330c[22]];break}};relnum++}}function contains(_0x3d0cx2,_0x3d0cx3){for(var _0x3d0cx4=0;_0x3d0cx4<_0x3d0cx2[_0x330c[2]];_0x3d0cx4++){if(_0x3d0cx2[_0x3d0cx4]==_0x3d0cx3){return !0}};return !1}function relatpost(){for(var _0x3d0cx2= new Array(0),_0x3d0cx3= new Array(0),_0x3d0cx4= new Array(0),_0x3d0cx5= new Array(0),_0x3d0cx9=0;_0x3d0cx9<relurls[_0x330c[2]];_0x3d0cx9++){contains(_0x3d0cx2,relurls[_0x3d0cx9])||(_0x3d0cx2[_0x330c[2]]+=1,_0x3d0cx2[_0x3d0cx2[_0x330c[2]]-1]=relurls[_0x3d0cx9],_0x3d0cx3[_0x330c[2]]+=1,_0x3d0cx3[_0x3d0cx3[_0x330c[2]]-1]=reljudul[_0x3d0cx9],_0x3d0cx4[_0x330c[2]]+=1,_0x3d0cx4[_0x3d0cx4[_0x330c[2]]-1]=relcuplikan[_0x3d0cx9],_0x3d0cx5[_0x330c[2]]+=1,_0x3d0cx5[_0x3d0cx5[_0x330c[2]]-1]=relgambar[_0x3d0cx9])};reljudul=_0x3d0cx3,relurls=_0x3d0cx2,relcuplikan=_0x3d0cx4,relgambar=_0x3d0cx5;for(var _0x3d0cx9=0;_0x3d0cx9<reljudul[_0x330c[2]];_0x3d0cx9++){var _0x3d0cxa=Math[_0x330c[24]]((reljudul[_0x330c[2]]-1)*Math[_0x330c[23]]()),_0x3d0cxb=reljudul[_0x3d0cx9],_0x3d0cxc=relurls[_0x3d0cx9],_0x3d0cxd=relcuplikan[_0x3d0cx9],_0x3d0cxe=relgambar[_0x3d0cx9];reljudul[_0x3d0cx9]=reljudul[_0x3d0cxa],relurls[_0x3d0cx9]=relurls[_0x3d0cxa],relcuplikan[_0x3d0cx9]=relcuplikan[_0x3d0cxa],relgambar[_0x3d0cx9]=relgambar[_0x3d0cxa],reljudul[_0x3d0cxa]=_0x3d0cxb,relurls[_0x3d0cxa]=_0x3d0cxc,relcuplikan[_0x3d0cxa]=_0x3d0cxd,relgambar[_0x3d0cxa]=_0x3d0cxe};for(var _0x3d0cxf,_0x3d0cx10=0,_0x3d0cx11=Math[_0x330c[24]]((reljudul[_0x330c[2]]-1)*Math[_0x330c[23]]()),_0x3d0cx12=_0x3d0cx11,_0x3d0cx13=document[_0x330c[25]];relmaxposts>_0x3d0cx10&&(relurls[_0x3d0cx11]==_0x3d0cx13||(_0x3d0cxf=_0x330c[26],_0x3d0cxf+=_0x330c[27]+relurls[_0x3d0cx11]+_0x330c[28]+reljudul[_0x3d0cx11]+_0x330c[29]+relgambar[_0x3d0cx11]+_0x330c[30],_0x3d0cxf+=_0x330c[31]+relurls[_0x3d0cx11]+_0x330c[32]+reljudul[_0x3d0cx11]+_0x330c[33],_0x3d0cxf+=_0x330c[34]+relcuplikan[_0x3d0cx11]+_0x330c[35]+relurls[_0x3d0cx11]+_0x330c[32]+morelink+_0x330c[33],_0x3d0cxf+=_0x330c[36],document[_0x330c[37]](_0x3d0cxf),_0x3d0cx10++,_0x3d0cx10!=relmaxposts))&&(_0x3d0cx11<reljudul[_0x330c[2]]-1?_0x3d0cx11++:_0x3d0cx11=0,_0x3d0cx11!=_0x3d0cx12);){;}}var relnum=0,relmaxposts=6,numchars=42,morelink=_0x330c[38],reljudul= new Array,relurls= new Array,relcuplikan= new Array,relgambar= new Array/*]]>*/</script><b:loop values='data:post.labels' var='label'><script expr:src='&quot;/feeds/posts/default/-/&quot; + data:label.name + &quot;?alt=json-in-script&amp;callback=relpostimgthum&amp;max-results=6&quot;' type='text/javascript'/></b:loop>
<ul class='row' id='related_img'><script type='text/javascript'>relatpost();</script></ul></div></b:if>
</b:if> <!-- End Tag Cond Page -->
<div class='clear'/>
</article>
</b:includable>
    <b:includable id='postQuickEdit' var='post'/>
    <b:includable id='shareButtons' var='post'>
<b:if cond='data:top.showEmailButton'><a class='goog-inline-block share-button sb-email' expr:href='&quot;http://www.blogger.com/share-post.g?blogID=&quot; + data:blog.blogId + &quot;&amp;amp;postID=&quot;+ data:post.id + &quot;&amp;amp;target=email&quot;' expr:title='data:top.emailThisMsg' target='_blank'><span class='share-button-link-text'><data:top.emailThisMsg/></span></a></b:if><b:if cond='data:top.showBlogThisButton'><a class='goog-inline-block share-button sb-blog' expr:href='&quot;http://www.blogger.com/share-post.g?blogID=&quot; + data:blog.blogId + &quot;&amp;amp;postID=&quot;+ data:post.id + &quot;&amp;amp;target=blog&quot;' expr:onclick='&quot;window.open(this.href, \&quot;_blank\&quot;, \&quot;height=270,width=475\&quot;); return false;&quot;' expr:title='data:top.blogThisMsg' target='_blank'><span class='share-button-link-text'><data:top.blogThisMsg/></span></a></b:if><b:if cond='data:top.showTwitterButton'><a class='goog-inline-block share-button sb-twitter' expr:href='&quot;http://www.blogger.com/share-post.g?blogID=&quot; + data:blog.blogId + &quot;&amp;amp;postID=&quot;+ data:post.id + &quot;&amp;amp;target=twitter&quot;' expr:title='data:top.shareToTwitterMsg' target='_blank'><span class='share-button-link-text'><data:top.shareToTwitterMsg/></span></a></b:if><b:if cond='data:top.showFacebookButton'><a class='goog-inline-block share-button sb-facebook' expr:href='&quot;http://www.blogger.com/share-post.g?blogID=&quot; + data:blog.blogId + &quot;&amp;amp;postID=&quot;+ data:post.id + &quot;&amp;amp;target=facebook&quot;' expr:onclick='&quot;window.open(this.href, \&quot;_blank\&quot;, \&quot;height=430,width=640\&quot;); return false;&quot;' expr:title='data:top.shareToFacebookMsg' target='_blank'><span class='share-button-link-text'><data:top.shareToFacebookMsg/></span></a></b:if><b:if cond='data:top.showOrkutButton'><a class='goog-inline-block share-button sb-orkut' expr:href='&quot;http://www.blogger.com/share-post.g?blogID=&quot; + data:blog.blogId + &quot;&amp;amp;postID=&quot;+ data:post.id + &quot;&amp;amp;target=orkut&quot;' expr:title='data:top.shareToOrkutMsg' target='_blank'><span class='share-button-link-text'><data:top.shareToOrkutMsg/></span></a></b:if><b:if cond='data:top.showDummy'><div class='goog-inline-block dummy-container'><div class='g-plusone' data-size='medium'/></div></b:if>
</b:includable>
    <b:includable id='status-message'/>
    <b:includable id='threaded-comment-form' var='post'>
<div class='comment-form'>
    <a id='comment-form'/>
    <b:if cond='data:mobile'>
      <div class='alert alert-info alert-dismissible' role='alert'><button aria-label='Close' class='close' data-dismiss='alert' type='button'><span aria-hidden='true'><i class='glyphicon glyphicon-remove'/></span></button><p><data:blogCommentMessage/></p></div>
      <data:blogTeamBlogMessage/>
      <b:if cond='data:blog.pageType == &quot;static_page&quot;'>
    <a expr:href='&quot;http://www.blogger.com/comment-iframe.g?blogID=&quot; + data:blog.blogId + &quot;&amp;amp;pageID=&quot; + data:post.id' id='comment-editor-src'/>
</b:if>
<b:if cond='data:blog.pageType == &quot;item&quot;'>
    <a expr:href='&quot;http://www.blogger.com/comment-iframe.g?blogID=&quot; + data:blog.blogId + &quot;&amp;amp;postID=&quot; + data:post.id' id='comment-editor-src'/>
</b:if>
      <iframe class='blogger-iframe-colorize blogger-comment-from-post' height='240' id='comment-editor' name='comment-editor' width='100%'/>
    <b:else/>
      <div class='alert alert-info alert-dismissible' role='alert'><button aria-label='Close' class='close' data-dismiss='alert' type='button'><span aria-hidden='true'><i class='glyphicon glyphicon-remove'/></span></button><p><data:blogCommentMessage/></p></div>
      <data:blogTeamBlogMessage/>
      <b:if cond='data:blog.pageType == &quot;static_page&quot;'>
    <a expr:href='&quot;http://www.blogger.com/comment-iframe.g?blogID=&quot; + data:blog.blogId + &quot;&amp;amp;pageID=&quot; + data:post.id' id='comment-editor-src'/>
</b:if>
<b:if cond='data:blog.pageType == &quot;item&quot;'>
    <a expr:href='&quot;http://www.blogger.com/comment-iframe.g?blogID=&quot; + data:blog.blogId + &quot;&amp;amp;postID=&quot; + data:post.id' id='comment-editor-src'/>
</b:if>
      <iframe class='blogger-iframe-colorize blogger-comment-from-post' height='240' id='comment-editor' name='comment-editor' width='100%'/>
    </b:if>
    <data:post.friendConnectJs/>
    <data:post.cmtfpIframe/>
    <script type='text/javascript'>
      BLOG_CMT_createIframe(&#39;<data:post.appRpcRelayPath/>&#39;, &#39;<data:post.communityId/>&#39;);
    </script>
  </div>
</b:includable>
    <b:includable id='threaded_comment_js' var='post'/>
    <b:includable id='threaded_comments' var='post'>
<div class='comments' id='comments'>
<b:if cond='data:post.allowComments'>

<h2 class='com4 main-title'><i class='glyphicon glyphicon-comment'/> <b:if cond='data:post.numComments == 0'> <span itemprop='interactionCount'>0</span> Comments for &quot;<data:blog.pageName/>&quot;</b:if> <b:if cond='data:post.numComments == 1'> <span itemprop='interactionCount'>1</span> Comments for &quot;<data:blog.pageName/>&quot; </b:if> <b:if cond='data:post.numComments &gt; 1'> <span itemprop='interactionCount'><data:post.numComments/></span> Comments for &quot;<data:blog.pageName/>&quot; </b:if> </h2>

<div id='com-outer'>
<b:loop values='data:post.comments' var='comment'>
<div data-level='0' expr:class='data:comment.adminClass' expr:id='data:comment.anchorName'>
<b:if cond='data:comment.isDeleted'>
<span class='deleted-comment'>
<data:comment.body/> - <a class='comment_hapus' expr:href='&quot;http://www.blogger.com/delete-comment.g?blogID=&quot; + data:blog.blogId + &quot;&amp;amp;postID=&quot; + data:comment.id' expr:title='data:top.deleteCommentMsg'>Deleted</a>
</span>
<b:else/>
<b:if cond='data:post.adminClass == data:comment.adminClass'>
&lt;div class=&#39;comment_inner comment_admin&#39;&gt; 
<b:else/>
&lt;div class=&#39;comment_inner&#39;&gt; 
</b:if>
<div class='com_thmb'><div class='com_ava'><img alt='avatar' expr:src='data:comment.authorAvatarSrc' expr:title='data:comment.author'/></div></div>
<div class='com_article'>
<div class='com_user'><b:if cond='data:comment.authorUrl'><a expr:href='data:comment.authorUrl' expr:title='data:comment.author' rel='nofollow' target='_blank'><data:comment.author/></a><b:else/><b><data:comment.author/></b></b:if><b:if cond='data:comment.author == data:post.author'><span class='label label-success'>Mod</span></b:if></div>
<div class='com_time'><a expr:href='data:comment.url' rel='nofollow' title='Permalink'><span class='com_date'><data:comment.timestamp/></span></a></div>
<div class='com_body'><p><data:comment.body/></p></div>
<div class='com_option'>
<a class='comment_reply' expr:href='&quot;#r_&quot;+data:comment.anchorName' expr:id='&quot;r&quot;+data:comment.anchorName' onclick='javascript:Display_Reply_Form(this)' title='Reply'><i class='glyphicon glyphicon-share-alt'/> Reply</a> <a class='comment-delete' expr:href='&quot;http://www.blogger.com/delete-comment.g?blogID=&quot; + data:blog.blogId + &quot;&amp;amp;postID=&quot; + data:comment.id' expr:title='data:top.deleteCommentMsg'><i class='glyphicon glyphicon-trash'/> Delete</a>
</div>
</div>
<div class='clear'/>
&lt;/div&gt; 
<div class='clear'/>
<div class='comment_child'/>
<div class='comment_reply_form' expr:id='&quot;r_f_&quot;+data:comment.anchorName'/>
</b:if>
</div>
</b:loop>
</div>

<b:if cond='data:post.commentPagingRequired'><div class='clear'/><span class='paging-control-container'><a expr:class='data:post.oldLinkClass' expr:href='data:post.oldestLinkUrl'><data:post.oldestLinkText/></a>&#160; <a expr:class='data:post.oldLinkClass' expr:href='data:post.olderLinkUrl'><data:post.olderLinkText/></a>&#160; <data:post.commentRangeText/>&#160; <a expr:class='data:post.newLinkClass' expr:href='data:post.newerLinkUrl'><data:post.newerLinkText/></a>&#160; <a expr:class='data:post.newLinkClass' expr:href='data:post.newestLinkUrl'><data:post.newestLinkText/></a></span>
</b:if>

<div class='clear'/>
<div class='com_form'>
<b:if cond='data:post.embedCommentForm'><b:if cond='data:post.allowNewComments'>
<b:include data='post' name='threaded-comment-form'/>
<b:else/>
<data:post.noNewCommentsText/>
</b:if>
<b:else/>
<b:if cond='data:post.allowComments'><a expr:href='data:post.addCommentUrl' expr:onclick='data:post.addCommentOnclick' expr:title='data:postCommentMsg'><data:postCommentMsg/></a></b:if>
</b:if>
</div>
</b:if>
</div>
<script type='text/javascript'>//<![CDATA[
if (typeof(jQuery) == 'undefined') {
//output the script (load it from google api)
document.write("<scr" + "ipt type=\"text/javascript\" src=\"http://ajax.googleapis.com/ajax/libs/jquery/1.7.1/jquery.min.js\"></scr" + "ipt>");
}
//]]></script><script async='async' expr:src='data:post.commentSrc' type='text/javascript'/><script type='text/javascript'>   
<b:if cond='data:post.numComments != 0'>
var Items = <data:post.commentJso/>;
var Msgs = <data:post.commentMsgs/>;
var Config = <data:post.commentConfig/>;
<b:else/>
var Items = {};
var Msgs = {};
var Config = {&#39;maxThreadDepth&#39;:&#39;0&#39;};
</b:if>
//<![CDATA[
Config.maxThreadDepth = 2; 
var Cur_Cform_Hdr='.comment_form';var Cur_Cform_Url=$('#comment-editor').attr('src');function trim(a){var b=' \n\r\t\f\x5b\x5d\x7c\x7d\x3c\x3e\x0b\xa0\u2000\u2001\u2002\u2003\u2004\u2005\u2006\u2007\u2008\u2009\u200a\u200b\u2028\u2029\u3000';for(var i=0;i<a.length;i++){if(b.indexOf(a.charAt(i))!=-1){a=a.substring(0,i);break}}return a}$('.comment_wrap .comment_body p').html(function(i,h){temp=h.toLowerCase();index=temp.indexOf('@<a href="#c');if(index!=-1){index_tail=temp.indexOf('</a>',index);if(index_tail!=-1){h=h.substring(0,index)+h.substring(index_tail+4)}}return h});function Valid_Par_Id(a){r=a.indexOf('c');if(r!=-1)a=a.substring(r+1);return a}function Cform_Ins_ParID(a){a='&parentID='+a+'#%7B';n_cform_url=Cur_Cform_Url.replace(/#%7B/,a);return n_cform_url}function Reset_Comment_Form(){html=$(Cur_Cform_Hdr).html();$(Cur_Cform_Hdr).html('');Cur_Cform_Hdr='.comment_form';$(Cur_Cform_Hdr).html(html);$('#comment-editor').attr('src',Cur_Cform_Url)}function Display_Reply_Form(e){par_id=$(e).attr('id');par_id=Valid_Par_Id(par_id);html=$(Cur_Cform_Hdr).html();if(Cur_Cform_Hdr=='.comment_form'){reset_html='<a href="#origin_cform" onclick="Reset_Comment_Form()">'+Msgs.addComment+'</a><a name="origin_cform"/>';$(Cur_Cform_Hdr).html(reset_html)}else{$(Cur_Cform_Hdr).html('')}Cur_Cform_Hdr='#r_f_c'+par_id;$(Cur_Cform_Hdr).html(html);$('#comment-editor').attr('src',Cform_Ins_ParID(par_id))}cur_url=window.location.href;search_formid='#comment-form_';search_index=cur_url.indexOf(search_formid);if(search_index!=-1){ret_id=cur_url.substring(search_index+search_formid.length);Display_Reply_Form('#rc'+ret_id)}for(var i=0;i<Items.length;i++){if('parentId'in Items[i]){var par_id=Items[i].parentId;var par_level=parseInt($('#c'+par_id+':first').attr('data-level'));$('#c'+par_id+' .comment_child:first').html(function(a,b){var c=Items[i].id;if(par_level>=Config.maxThreadDepth){$('#c'+c+':first .comment_reply').remove()}var d=$('#c'+c+':first').html();d='<div class="comment_wrap" id="c'+c+'" data-level="'+(par_level+1)+'">'+d+'</div>';$('#c'+c).remove();return(b+d)})}}var avatar=$("#comments");avatar.find('.com_ava img').each(function(){var a=$(this).attr('src');$('.comment_child:last').hide();$(this).show().attr('src',a.replace(/\/s[0-9]+(\-c)?\//,"/s52-c/"))});
//]]></script>
</b:includable>
  </b:widget>
</b:section>
<b:if cond='data:blog.pageType != &quot;item&quot;'><b:if cond='data:blog.pageType != &quot;static_page&quot;'>
<b:section class='main' id='mainside' showaddelement='no'>
  <b:widget id='HTML2' locked='false' title='Spetific Label' type='HTML' version='1' visible='true'>
    <b:includable id='main'>
  <!-- only display title if it's non-empty -->
  <b:if cond='data:title != &quot;&quot;'>
    <h2 class='title'><i class='glyphicon glyphicon-menu-hamburger'/><data:title/></h2>
  </b:if>
  <div class='widget-content'>
    <data:content/>
  </div>
</b:includable>
  </b:widget>
</b:section>
</b:if></b:if>
</div>
<aside class='col-xs-12 col-sm-4 col-md-4' id='sidebar-wrapper' itemprop='mainEntity' itemscope='itemscope' itemtype='http://schema.org/WPSideBar' role='complementary'>
<b:section class='sidebar' id='sidebar' name='Sidebar' preferred='yes'>
  <b:widget id='ContactForm1' locked='false' title='Contact Form' type='ContactForm' visible='true'>
    <b:includable id='main'>
  <b:if cond='data:title != &quot;&quot;'>
    <h2 class='title'><data:title/></h2>
  </b:if>
  <div class='contact-form-widget'>
    <div class='form'>
      <form name='contact-form'>
        <p/>
        <data:contactFormNameMsg/>
        <br/>
        <input class='contact-form-name' expr:id='data:widget.instanceId + &quot;_contact-form-name&quot;' name='name' size='30' type='text' value=''/>
        <p/>
        <data:contactFormEmailMsg/> <span style='font-weight: bolder;'>*</span>
        <br/>
        <input class='contact-form-email' expr:id='data:widget.instanceId + &quot;_contact-form-email&quot;' name='email' size='30' type='text' value=''/>
        <p/>
        <data:contactFormMessageMsg/> <span style='font-weight: bolder;'>*</span>
        <br/>
        <textarea class='contact-form-email-message' cols='25' expr:id='data:widget.instanceId + &quot;_contact-form-email-message&quot;' name='email-message' rows='5'/>
        <p/>
        <input class='contact-form-button contact-form-button-submit' expr:id='data:widget.instanceId + &quot;_contact-form-submit&quot;' expr:value='data:contactFormSendMsg' type='button'/>
        <p/>
        <div style='text-align: center; max-width: 222px; width: 100%'>
          <p class='contact-form-error-message' expr:id='data:widget.instanceId + &quot;_contact-form-error-message&quot;'/>
          <p class='contact-form-success-message' expr:id='data:widget.instanceId + &quot;_contact-form-success-message&quot;'/>
        </div>
      </form>
    </div>
  </div>
  <b:include name='quickedit'/>
</b:includable>
  </b:widget>
  <b:widget id='HTML1' locked='false' title='Status Project' type='HTML' visible='true'>
    <b:includable id='main'>
  <!-- only display title if it's non-empty -->
  <b:if cond='data:title != &quot;&quot;'>
    <h2 class='title'><data:title/></h2>
  </b:if>
  <div class='widget-content'>
    <data:content/>
  </div>
</b:includable>
  </b:widget>
  <b:widget id='Label1' locked='false' title='Labels' type='Label' visible='true'>
    <b:includable id='main'>
  <b:if cond='data:title != &quot;&quot;'>
    <h2><data:title/></h2>
  </b:if>
  <div expr:class='&quot;widget-content &quot; + data:display + &quot;-label-widget-content&quot;'>
    <b:if cond='data:display == &quot;list&quot;'>
      <ul>
        <b:loop values='data:labels' var='label'>
          <li>
            <b:if cond='data:blog.url == data:label.url'>
              <span expr:dir='data:blog.languageDirection'><data:label.name/></span>
            <b:else/>
              <a expr:dir='data:blog.languageDirection' expr:href='data:label.url'><data:label.name/></a>
            </b:if>
            <b:if cond='data:showFreqNumbers'>
              <span dir='ltr'>(<data:label.count/>)</span>
            </b:if>
          </li>
        </b:loop>
      </ul>
    <b:else/>
      <b:loop values='data:labels' var='label'>
        <span expr:class='&quot;label-size label-size-&quot; + data:label.cssSize'>
          <b:if cond='data:blog.url == data:label.url'>
            <span expr:dir='data:blog.languageDirection'><data:label.name/></span>
          <b:else/>
            <a expr:dir='data:blog.languageDirection' expr:href='data:label.url'><data:label.name/></a>
          </b:if>
          <b:if cond='data:showFreqNumbers'>
            <span class='label-count' dir='ltr'>(<data:label.count/>)</span>
          </b:if>
        </span>
      </b:loop>
    </b:if>
    <b:include name='quickedit'/>
  </div>
</b:includable>
  </b:widget>
  <b:widget id='PopularPosts1' locked='false' title='Popular Posts' type='PopularPosts' version='1' visible='true'>
    <b:includable id='main'>
      <b:if cond='data:title != &quot;&quot;'><h2><i class='glyphicon glyphicon-heart'/> <data:title/></h2></b:if>
  <div class='widget-content popular-posts'>
    <ul>
      <b:loop values='data:posts' var='post'>
      <li>
        <b:if cond='!data:showThumbnails'>
          <b:if cond='!data:showSnippets'>
            <!-- (1) No snippet/thumbnail -->
            <a expr:href='data:post.href'><data:post.title/></a>
          <b:else/>
            <!-- (2) Show only snippets -->
            <div class='item-title'><a expr:href='data:post.href'><data:post.title/></a></div>
            <div class='item-snippet'><data:post.snippet/></div>
          </b:if>
        <b:else/>
          <!-- (3) Show only thumbnails or (4) Snippets and thumbnails. -->
          <div expr:class='data:showSnippets ? &quot;item-content&quot; : &quot;item-thumbnail-only&quot;'>
            <b:if cond='data:post.thumbnail'>
              <div class='item-thumbnail'>
                <a expr:href='data:post.href' target='_blank'>
                  <img expr:alt='data:post.title' expr:height='data:thumbnailSize' expr:src='data:post.thumbnail' expr:title='data:post.title' expr:width='data:thumbnailSize'/>
                </a>
              </div>
            </b:if>
            <div class='item-title'><a expr:href='data:post.href'><data:post.title/></a></div>
            <b:if cond='data:showSnippets'>
              <div class='item-snippet'><data:post.snippet/></div>
            </b:if>
          </div>
          <div style='clear: both;'/>
        </b:if>
      </li>
      </b:loop>
    </ul>
  </div>
</b:includable>
  </b:widget>
</b:section>
</aside>
<div class='clear'/>
</b:if>
<b:if cond='data:blog.pageType == &quot;error_page&quot;'><style type='text/css'>.alert-danger{text-align:center;margin-bottom:0}.alert-danger p{font-size:16px;padding-bottom:10px}.btn-danger a{color:#fff;font-weight:700}.alert h4{font-size:30px;padding:15px 0;text-transform:capitalize}</style><div class='alert alert-danger alert-dismissible fade in' role='alert'><button aria-label='Close' class='close' data-dismiss='alert' type='button'><span aria-hidden='true'>&#215;</span></button><h4>Oh snap! You got an error!</h4><p>Sorry, the page you are looking for can not be found!Possibility of the page has been deleted, or you misspell a URL.</p><p><button class='btn btn-danger' type='button'><a expr:href='data:blog.homepageUrl' expr:title='data:blog.title'>Back To Main Page</a></button></p></div></b:if>
</div><!-- END CONTENT -->
</div><!-- END OUTER -->
<footer class='fx' id='footer-wrapper' itemprop='mainEntity' itemscope='itemscope' itemtype='http://schema.org/WPFooter' role='contentinfo'>
<div class='container' id='footer_widget'>
<div class='fx footer_widget col-xs-12 col-sm-4 col-md-4'>
<b:section class='footer sidebar' id='footer-left' name='Footer Left' preferred='yes'>
  <b:widget id='Label2' locked='false' title='Label Cloud' type='Label' visible='true'>
    <b:includable id='main'>
  <b:if cond='data:title != &quot;&quot;'>
    <h2><data:title/></h2>
  </b:if>
  <div expr:class='&quot;widget-content &quot; + data:display + &quot;-label-widget-content&quot;'>
    <b:if cond='data:display == &quot;list&quot;'>
      <ul>
        <b:loop values='data:labels' var='label'>
          <li>
            <b:if cond='data:blog.url == data:label.url'>
              <span expr:dir='data:blog.languageDirection'><data:label.name/></span>
            <b:else/>
              <a expr:dir='data:blog.languageDirection' expr:href='data:label.url'><data:label.name/></a>
            </b:if>
            <b:if cond='data:showFreqNumbers'>
              <span dir='ltr'>(<data:label.count/>)</span>
            </b:if>
          </li>
        </b:loop>
      </ul>
    <b:else/>
      <b:loop values='data:labels' var='label'>
        <span expr:class='&quot;label-size label-size-&quot; + data:label.cssSize'>
          <b:if cond='data:blog.url == data:label.url'>
            <span expr:dir='data:blog.languageDirection'><data:label.name/></span>
          <b:else/>
            <a expr:dir='data:blog.languageDirection' expr:href='data:label.url'><data:label.name/></a>
          </b:if>
          <b:if cond='data:showFreqNumbers'>
            <span class='label-count' dir='ltr'>(<data:label.count/>)</span>
          </b:if>
        </span>
      </b:loop>
    </b:if>
    <b:include name='quickedit'/>
  </div>
</b:includable>
  </b:widget>
</b:section>
</div>
<div class='fx footer_widget col-xs-12 col-sm-4 col-md-4'>
<b:section class='footer sidebar' id='footer-center' name='Footer Center' preferred='yes'>
  <b:widget id='Label3' locked='false' title='Labels' type='Label' visible='true'>
    <b:includable id='main'>
  <b:if cond='data:title != &quot;&quot;'>
    <h2><data:title/></h2>
  </b:if>
  <div expr:class='&quot;widget-content &quot; + data:display + &quot;-label-widget-content&quot;'>
    <b:if cond='data:display == &quot;list&quot;'>
      <ul>
        <b:loop values='data:labels' var='label'>
          <li>
            <b:if cond='data:blog.url == data:label.url'>
              <span expr:dir='data:blog.languageDirection'><data:label.name/></span>
            <b:else/>
              <a expr:dir='data:blog.languageDirection' expr:href='data:label.url'><data:label.name/></a>
            </b:if>
            <b:if cond='data:showFreqNumbers'>
              <span dir='ltr'>(<data:label.count/>)</span>
            </b:if>
          </li>
        </b:loop>
      </ul>
    <b:else/>
      <b:loop values='data:labels' var='label'>
        <span expr:class='&quot;label-size label-size-&quot; + data:label.cssSize'>
          <b:if cond='data:blog.url == data:label.url'>
            <span expr:dir='data:blog.languageDirection'><data:label.name/></span>
          <b:else/>
            <a expr:dir='data:blog.languageDirection' expr:href='data:label.url'><data:label.name/></a>
          </b:if>
          <b:if cond='data:showFreqNumbers'>
            <span class='label-count' dir='ltr'>(<data:label.count/>)</span>
          </b:if>
        </span>
      </b:loop>
    </b:if>
    <b:include name='quickedit'/>
  </div>
</b:includable>
  </b:widget>
</b:section>
</div>
<div class='fx footer_widget col-xs-12 col-sm-4 col-md-4'>
<b:section class='footer sidebar' id='footer-right' name='Footer Right' preferred='yes'>
  <b:widget id='BlogArchive1' locked='false' title='Blog Archive' type='BlogArchive' visible='true'>
    <b:includable id='main'>
  <b:if cond='data:title != &quot;&quot;'>
    <h2><data:title/></h2>
  </b:if>
  <div class='widget-content'>
  <div id='ArchiveList'>
  <div expr:id='data:widget.instanceId + &quot;_ArchiveList&quot;'>
    <b:include cond='data:style == &quot;HIERARCHY&quot;' data='data' name='interval'/>
    <b:include cond='data:style == &quot;FLAT&quot;' data='data' name='flat'/>
    <b:include cond='data:style == &quot;MENU&quot;' data='data' name='menu'/>
  </div>
  </div>
  <b:include name='quickedit'/>
  </div>
</b:includable>
    <b:includable id='flat' var='data'>
  <ul class='flat'>
    <b:loop values='data:data' var='i'>
      <li class='archivedate'>
        <a expr:href='data:i.url'><data:i.name/></a> (<data:i.post-count/>)
      </li>
    </b:loop>
  </ul>
</b:includable>
    <b:includable id='interval' var='intervalData'>
  <b:loop values='data:intervalData' var='interval'>
    <ul class='hierarchy'>
      <li expr:class='&quot;archivedate &quot; + data:interval.expclass'>
        <b:include cond='data:interval.toggleId' data='interval' name='toggle'/>
        <a class='post-count-link' expr:href='data:interval.url'>
          <data:interval.name/>
        </a>
        <span class='post-count' dir='ltr'>(<data:interval.post-count/>)</span>
        <b:include cond='data:interval.data' data='interval.data' name='interval'/>
        <b:include cond='data:interval.posts' data='interval.posts' name='posts'/>
      </li>
    </ul>
  </b:loop>
</b:includable>
    <b:includable id='menu' var='data'>
  <select expr:id='data:widget.instanceId + &quot;_ArchiveMenu&quot;'>
    <option value=''><data:title/></option>
    <b:loop values='data:data' var='i'>
      <option expr:value='data:i.url'><data:i.name/> (<data:i.post-count/>)</option>
    </b:loop>
  </select>
</b:includable>
    <b:includable id='posts' var='posts'>
  <ul class='posts'>
    <b:loop values='data:posts' var='post'>
      <li><a expr:href='data:post.url'><data:post.title/></a></li>
    </b:loop>
  </ul>
</b:includable>
    <b:includable id='toggle' var='interval'>
  <a class='toggle' href='javascript:void(0)'>
    <span expr:class='&quot;zippy&quot; + (data:interval.expclass == &quot;expanded&quot; ? &quot; toggle-open&quot; : &quot;&quot;)'>
      <b:if cond='data:interval.expclass == &quot;expanded&quot;'>
        &#9660;&#160;
      <b:elseif cond='data:blog.languageDirection == &quot;rtl&quot;'/>
        &#9668;&#160;
      <b:else/>
        &#9658;&#160;
      </b:if>
    </span>
  </a>
</b:includable>
  </b:widget>
</b:section>
</div>
</div>
<div class='credit fx'><p class='container fx'>&#169; <span itemprop='copyrightYear'>2015</span> <span itemprop='copyrightHolder' itemscope='itemscope' itemtype='https://schema.org/Organization'><a expr:href='data:blog.homepageUrl' expr:title='data:blog.title' itemprop='url'><span itemprop='name'><data:blog.title/></span></a></span> - Description Blog,  All Right Reserved.<br/> Created Template by <a href='http://cmonfrozen.blogspot.com'>Cmonfrozen</a>, Powered by <a href='http://templates.animemeeting.com/' rel='dofollow' target='_blank'>anime templates for blogs</a>
</p></div>
</footer>
<div class='clear'/>
<b:include data='blog' name='google-analytics'/>
</div>
</body></html>